WORK RID|Volume|Title page title|archive start|imprint start|archive end|imprint end|Author|About|Notes|Work title
W8LS32723|1|phyag rgya chen po'i dbang bka'|3|1|7|5||T48,T1584||phyag rgya chen po'i dbang bka'
||bde mchog lha lnga'i mngon rtogs|9|7|22|19|P89|T423,T5||
||bde mchog lha lnga'i mchod phreng|23|21|39|37|P8|T423||
||dpal kyai'i rdo rje … zin bris|41|39|116|114||T130,T1478||
||rgyal ba rigs drug pa rdo rje 'chang chen po la bstod pa|117|115|120|118||T1987,T67||
||ye shes mkha' 'gro ni gu ma'i rnam thar|121|119|127|125|P3JT13498|P47,T3||
||bla med rgyu sde lnga'i dkyil 'khor chen po'i sgrub thabs / khyung po rnal 'byor pas mdzod|129|127|140|138|P39|T1824,T5|last folio missing|
||ni gu ma'i 'khrul 'khor gyi zhal gdams|141|139|147|145|P47|T288||
||ni gu chos drug gi khrid yig|149|147|175|173|P89|T1483,T132||
||chos drug gi zhal gdams|177|175|180|178||T1483|incomplete|
||mos gus bla ma'i lung 'dren rnams / sgyu lus 'bring … skabs su|181|179|185|183|P89|||
||od gsal 'char sgo ngos 'dzin|187|185|195|193|P39|T2564,T00KG0274||
||rje btsun mkha' spyod ma dkar mo'i bstod pa|196|194|199|197|P3379|T1826,T67||
||sgyu lus 'dzin pa rang grol|200|198|207|205|P95|T2563||
||sgyu lus stan thog gcig ma|208|206|217|215|P89|T2563||
||lus 'chi med kyi dbang bka'|218|216|220|218||T48||
||rin po che 'od kyi spreng pa|221|219|239|237|P1984|T1483||
||nyams myong yon tan rgya mtsho|239|237|250|248|P95|T1483|p239/240 inverted|
||lam dri med 'od kyi phreng ba|251|249|254|252|P95|T1483|2 last folio of the text|
||nyams myong ma rig mun sel (zhus len) nyi ma'i dkyil 'khor|254|252|256|254|P95|T1483||
||zhus len zla ba'i dkyil 'khor|256|254|262|260|P95|T1483||
||rab gnas bka' rgya ma'i chog sgrigs|263|261|266|264||T1028||
||mkhas grub khyung po'i mgur brgyad rtsa 'grel dang bcas pa|267|265|274|272|P39|||
||grub thob khyung po’i nyams len drug|275|273|280|278|P95|||
||(thugs rje chen po'i) ting nge 'dzin gyi bka'|281|279|282|280||T48,T106||
||rdo rje 'chang gi rnam thar|283|281|305|303|P3JT13498|T1987|first folio is missing|
||chugs med bar do gsum gyi gdams pa|307|305|319|317|P39|T1483||
||shangs chos kyi smin byed rgyun gang yod kyi dkyil 'khor 'bri tho nyung gsal|321|319|330|328||T48,T89||
||nyams myong ma rig mun sel nyi ma'i 'od zer / zhus len zla ba'i dkyil 'khor nyon mongs gdung sel|331|319|340|338|P95|T1483||
||lam mchog dri ma med pa ('od kyi phreng ba)|341|339|356|354|P95|T1483||
||rin po che 'od kyi spreng ba mnyam med rin chen brtson 'grus kyi mdzad pa|357|355|378|376|P1984|T1483|p377 and 378 inverted|
||nyams myong yon tan rgya mtsho / bi ha ra tis+ma|379|377|391|389|P95|T1483||
||chos drug gi gsung sgros|393|391|405|403|P89|T2563||
||snyan rgyud kyi gdams pa snang ba rang sems kyi khrid|407|405|414|412||T1584||
||gro ba'i mgon po chos rje ston pas mdzad pa'i dbang bskur sngon 'gro|415|413|438|436|P95|T48||
||rgyud sde lnga'i mngon par rtogs pa|439|437|451|449|P39|T1824,T5||
||sgyu ma lam rim gyi rtsa ba|453|451|474|472|P47,P8203|T238||
||sgyu ma lam rim gyi 'grel pa|475|473|525|523|P47,P8203|T238,T132||
||sgyu ma lam rim gyi bsdus don sa bcad|527|525|529|527|P39|T238,T89||
||chos drug rdo rje'i tshig rkang gi rnam bshad grol ba'i dpal ster|531|529|616|614|P644|T1483,T132||
||chos drug rdo rje'i tshig rkang |617|615|623|621||T1483,T10MS14285||
||chos drug rdo rje'i tshig rkang|625|623|629|627||T1483,T10MS14285||
||chos drug gi tshig gsal|629|627|633|631||T1483||
||gzhi lam 'bras bu'i rnam bzhag|633|631|634|632|P39|T1483,T1CZ56||
||chug med lam khyer gsum gyi rdo rje'i tshig rkang|635|633|639|637|P47,P8203|T10MS14285||
||lam khyer gsum gyi zhal gdams|639|637|639|637||T58||
||lus 'chi med kyi dbang gi rgya gzhung|641|639|642|640||T48||
||chos drug gi tshig gsal / thems yig / gzhi lam 'bras bu'i rnam bzhag / khyad 'phags kyi gdams pa bco lnga sgyu lus drug ldan|643|641|652|650|P39|T1483||
||nai gu'i bla brgyud kha skong|653|651|654|652||T11||
||nai gu chos drug gi khrid|655|653|661|659|P2387|T1483,T11MS11||
||phyag rgya chen po ga'u ma'i khrid|661|659|662|660|P2387|T1584,T11MS11||
||lam 'khyer gyi khrid|662|660|663|661|P2387|T11MS11||
||sems 'chi med kyi khrid|663|661|664|662|P2387|T11MS11||
||su kha chos drug gi khrid |664|662|665|663|P2387|T1587,T11MS11||
||bdag med ma'i nang khrid |665|663|667|665|P2387|T11MS11||
||smar khrid skyer sgang pa'i lugs kyi khrid|667|665|668|666|P2387|T11MS11||
||dpal ldan shangs pa bka' brgyud kyi gser chos rin po che'i mdzod yongs su phye ba'i dkar chag baiDUR+Ya'i lde'u mig|669|667|710|708|P264|T13||
||sgyu lus drug ldan|711|709|711|709|P39|T2563||
||byams gcod kyi bsdus don|713|711|713|711||T2563||
||mkha' spyod ma dkar mo'i sgrub skor tshang ma|715|713|727|725|P3379,P39|T1825||
||mkha' spyod dmar mo'i 'pho ba|729|727|731|729|P644,P46|T1827,T15||
